ENTIDADE ;DADO TRANSITADO;DESCRIÇÃO DO DADO;IDENTIFICAÇÃO ÚNICA;SUBCATEGORIA;PADRÃO DATAOPERA;TIPO DE DADO ;FORMATO ;OBRIGATORIEDADE;RECURSO FHIR;ATRIBUTO FHIR
Paciente;Identidade única do paciente;Gerado pelo MPI a partir dos dados de cadastro, identifica unicamente o paciente. Esse valor é utilizado para que se estabeleçam vínculos com outros recursos (exemplos: agendamentos, atendimentos, resultados, dentre outros), e que pacientes cujos dados sejam provenientes de diferentes fontes em um mesmo cliente possam ser unificados. ;O conteúdo deste campo corresponde à identificação única do paciente gerada pelo módulo Identity do MPI.;;public_token;String ;;;Patient;identifier
;Código do cliente de origem dos dados;"Identifica o cliente de origem dos dados enviados à DTO, ou a partir do qual os dados são recuperados pela DTO. Exemplo: ""saocaetano"". Utilizado para rastreabilidade e para tomada de decisão sobre como os dados devem ser processados.";A combinação dos valores destes campos compõe a identificação única de um Paciente.;;client_code;String ;;;Patient;meta > tag > https://api-fhir.dataopera.com.br/NamingSystem/client-id
;Provedor responsável pelo envio dos dados;"Identifica o provedor parceiro do cliente responsável pelo envio dos dados à DTO, ou a partir do qual os dados são recuperados pela DTO. Exemplo: ""mobilemed"". Utilizado para rastreabilidade e para tomada de decisão sobre como os dados devem ser processados.";;;data_provider;String ;;;Patient;meta > tag > https://api-fhir.dataopera.com.br/NamingSystem/data-provider
;Caso de uso atendido pelos dados;"Identifica o caso de uso atendido pelos dados interoperados. Exemplo: ""imagens-e-laudos"", Utilizado para rastreabilidade e para tomada de decisão sobre como os dados devem ser processados.";;;use_case;String ;;;Patient;meta > tag > https://api-fhir.dataopera.com.br/NamingSystem/use-case
;Nº do Prontuário ;Número de Registro de um paciente dentro de uma organização, atribuindo a este um controle de forma individual, seguindo em todos os atendimentos ao longo de sua vida.;;;patient_code;String ;;Sim;Patient ;identifier
;Nome do Paciente;Nome oficial da pessoa, conforme seu documento de identificação (CNI, RG, Passaporte, Outros).;;;patient_name;String ;;Sim;Patient ;given / family
;Nome Social ;Nome social é o nome pelo qual pessoas transgêneros, e travestis reivindicam ser chamadas, em contraste com o nome anteriormente registrado, que não reflete sua identidade de gênero.;;;patient_social_name;String ;;Não;Patient ;
;Tipo Sanguineo ;Tipo sanguinio e fator RH identificado e regristrado oficialmente em atendimento para o individuo. ;;;patient_blood_type;Terminology ;;Não;Patient ;
;Idade / Data Nascimento;Data de Nascimento registrado oficialmente para o individuo.;;;patient_birth_date;String ;YYYY-MM-DD;Sim;Patient ;birthDate
;Sexo;Sexo biológico do individuo. ;;;patient_sex;Terminology ;FHIR;Sim;Patient ;gender
;Genero ;Identidade de gênero diz respeito à experiência interna e individual relacionada ao gênero com o qual a pessoa se identifica.;;;patient_gender;Terminology ;;Sim;Patient ;
;Nome da Mãe ;Nome da Mãe do individuo conforme documento de identidade oficial;;;patient_mother_name;String ;;Sim;Patient ;extension['patient-mother-name']
;Nome do Pai ;Nome da Paido individuo conforme documento de identidade oficial;;;patient_father_name;String ;;Não;Patient ;
;CPF - Cadastro de Pessoa Física ;Sigla para Cadastro de Pessoa Física. Trata-se de uma forma de registro obrigatória a todos os brasileiros;;;patient_primary_document;String ;;Sim;Patient ;identifier['http://gov.cpf']
;RG - Registro Geral ;RG, ou Registro Geral, é um documento de identificação pessoal e intransferível, utilizado no Brasil para comprovar a identidade dos cidadãos;;;patient_secondary_document;String ;;Sim;Patient ;identifier['http://gov.rg']
;CNH - Carteira Nacional de Habilitação ;A Carteira Nacional de Habilitação (CNH), também conhecida como carteira de motorista, carta de motorista ou carteira de habilitação, é o documento oficial que, no Brasil, atesta a aptidão de um cidadão para conduzir veículos automotores terrestres.;;;patient_third_document;String ;;Não;Patient ;
;CNS - Cartão Nacional de Saúde ;;;;patient_fourth_document;String ;;Não;Patient ;identifier['http://gov.cns']
;CIN - Carteira de Identidade Nacional ;;;;patient_fifth_document;String ;;Não;Patient ;
;RNE - Registro Nacional de Estrangeiro ;;;;patient_sixth_document;String ;;Não;Patient ;
;Passaporte ;;;;patient_seventh_document;String ;;Não;Patient ;
;Certão de Nascimento;;;;patient_eighth_document;String ;;Não;Patient ;
;DNV - Declaração de Nascido Vivo;;;;patient_ninth_document;String ;;Não;Patient;
;CPF - Cadastro de Pessoa Física Mãe;;;;patient_tenth_document;String ;;Não;Patient;
;Grau de Parentesco;;;;patient_relationship;Terminology ;;Não;Patient;
;Raça / Cor;;;;patient_race ;Terminology ;IBGE;Não;Patient ;
;Etnia ;;;;patient_ethnicity;Terminology ;IBGE;Não;Patient ;
;Religião ;;;;patient_religion;Terminology ;IBGE;Não;Patient ;
;Profissão ;;;;patient_profession;Terminology ;;Não;Patient ;
;Escolaridade ;;;;patient_education;String ;;Não;Patient ;
;Nacionalidade ;;;;patient_nationality;Terminology ;;Não;Patient ;
;Naturalidade ;;;;patient_naturality;Terminology ;;Não;Patient ;
;Moradia ;;;;patient_accommodation;String ;;Não;Patient ;
;Estado Civil;;;;patient_marital_status;Terminology ;;Não;Patient ;
;E-mail;;;;patient_email;String ;;Sim;Patient ;telecom['email']
;DDD Telefone Residencial ;;;;patient_ddd_phone;String ;;Sim;Patient ;telecom['home']
;Telefone Residencial;;;;patient_phone;String ;;Sim;Patient ;telecom['home']
;DDD Telefone Celular ;;;;patient_ddd_mobile;String ;;Sim;Patient ;telecom['mobile']
;Telefone Celular ;;;;patient_mobile;String ;;Sim;Patient ;telecom['mobile']
;DDD Telefone Contato;;;;patient_ddd_phone_contact;String ;;Não;Patient ;
;Telefone Contato;;;;patient_phone_contact;String ;;Não;Patient ;
;Logradouro;;;;patient_address;String ;;Sim;Patient ;address.line
;Nº Logradouro;;;;patient_number;Number;;Sim;Patient ;address.line
;Complemento do Logradouro;;;;patient_complement;String ;;Sim;Patient ;address.line
;Cidade ;;;;patient_city;String ;;Sim;Patient ;address.city
;Bairro ;;;;patient_neighborhood;String ;;Sim;Patient ;address.district
;Estado ;;;;patient_state;String ;;Sim;Patient ;address.state
;País;;;;patient_country;String ;;Não;Patient;
;CEP;;;;patient_zipcode;String ;;Sim;Patient ;address.postalCode
;Nº Banco;;;;patient_bank_number;String ;;Não;Patient ;
;Nº Agência ;;;;patient_agency;String ;;Não;Patient ;
;Nº Conta;;;;patient_account;String ;;Não;Patient ;
;Tipo de Conta ;;;;patient_account_type;Terminology;;Não;Patient ;
;Responsável Legal;;;;patient_related_person;Number;;Não;Patient > RelatedPerson;
;Data de Criação;;;;created_date;String ;YYYY-MM-DD;Sim;;
;Data de Atualização;;;;updated_date;String ;YYYY-MM-DD;Sim;;
;Status ou situação do paciente (ativo, inativo, ...);;;;patient_status;String ;;Não;Patient;
;O paciente está bloqueado? (Sim/Não);;;;patient_blocked;String ;;Não;Patient;
;;;;;;;;;;
Responsável;Identidade única do paciente;Gerado pelo MPI a partir dos dados de cadastro, identifica unicamente o paciente. Esse valor é utilizado para que se estabeleçam vínculos com outros recursos (exemplos: agendamentos, atendimentos, resultados, dentre outros), e que pacientes cujos dados sejam provenientes de diferentes fontes em um mesmo cliente possam ser unificados. ;O conteúdo deste campo corresponde à identificação única do paciente gerada pelo módulo Identity do MPI.;;publicToken;String ;;;Patient;identifier
;Código do cliente de origem dos dados;"Identifica o cliente de origem dos dados enviados à DTO, ou a partir do qual os dados são recuperados pela DTO. Exemplo: ""saocaetano"". Utilizado para rastreabilidade e para tomada de decisão sobre como os dados devem ser processados.";A combinação dos valores destes campos compõe a identificação única de um Responsável.;;client_code;String ;;;RelatedPerson;meta > tag > https://api-fhir.dataopera.com.br/NamingSystem/client-id
;Provedor responsável pelo envio dos dados;"Identifica o provedor parceiro do cliente responsável pelo envio dos dados à DTO, ou a partir do qual os dados são recuperados pela DTO. Exemplo: ""mobilemed"". Utilizado para rastreabilidade e para tomada de decisão sobre como os dados devem ser processados.";;;data_provider;String ;;;RelatedPerson;meta > tag > https://api-fhir.dataopera.com.br/NamingSystem/data-provider
;Caso de uso atendido pelos dados;"Identifica o caso de uso atendido pelos dados interoperados. Exemplo: ""imagens-e-laudos"", Utilizado para rastreabilidade e para tomada de decisão sobre como os dados devem ser processados.";;;use_case;String ;;;RelatedPerson;meta > tag > https://api-fhir.dataopera.com.br/NamingSystem/use-case
;Código do Responsável;;;;person_responsible_code;String ;;Sim;RelatedPerson;
;Nº do Prontuário ;;;;person_responsible_patient_code;String ;;;;
;Nome do Responsável;;;;person_responsible_name;String ;;Sim;RelatedPerson;
;CPF - Cadastro de Pessoa Física ;;;;person_responsible_document;String ;;Sim;RelatedPerson;
;Grau de Parentesco;;;;person_responsible_relationship;Terminology ;;Sim;RelatedPerson;
;E-mail;;;;person_responsible_email;String ;;Sim;RelatedPerson;
;DDD Telefone Residencial ;;;;person_responsible_ddd_phone;String ;;Sim;RelatedPerson;
;Telefone Residencial;;;;person_responsible_phone;String ;;Sim;RelatedPerson;
;Data de Criação;;;;created_date;String ;YYYY-MM-DD;Sim;;
;Data de Atualização;;;;updated_date;String ;YYYY-MM-DD;Não;;
;;;;;;;;;;
Beneficiário;Identidade única do paciente;Gerado pelo MPI a partir dos dados de cadastro, identifica unicamente o paciente. Esse valor é utilizado para que se estabeleçam vínculos com outros recursos (exemplos: agendamentos, atendimentos, resultados, dentre outros), e que pacientes cujos dados sejam provenientes de diferentes fontes em um mesmo cliente possam ser unificados. ;O conteúdo deste campo corresponde à identificação única do paciente gerada pelo módulo Identity do MPI.;;publicToken;String ;;;Patient;identifier
;Código do cliente de origem dos dados;"Identifica o cliente de origem dos dados enviados à DTO, ou a partir do qual os dados são recuperados pela DTO. Exemplo: ""saocaetano"". Utilizado para rastreabilidade e para tomada de decisão sobre como os dados devem ser processados.";A combinação dos valores destes campos compõe a identificação única de um Beneficiário.;;client_code;String ;;;Coverage;meta > tag > https://api-fhir.dataopera.com.br/NamingSystem/client-id
;Provedor responsável pelo envio dos dados;"Identifica o provedor parceiro do cliente responsável pelo envio dos dados à DTO, ou a partir do qual os dados são recuperados pela DTO. Exemplo: ""mobilemed"". Utilizado para rastreabilidade e para tomada de decisão sobre como os dados devem ser processados.";;;data_provider;String ;;;Coverage;meta > tag > https://api-fhir.dataopera.com.br/NamingSystem/data-provider
;Caso de uso atendido pelos dados;"Identifica o caso de uso atendido pelos dados interoperados. Exemplo: ""imagens-e-laudos"", Utilizado para rastreabilidade e para tomada de decisão sobre como os dados devem ser processados.";;;use_case;String ;;;Coverage;meta > tag > https://api-fhir.dataopera.com.br/NamingSystem/use-case
;Código do Beneficiário;;;;s;String ;;Sim;Coverage;
;Nº do Prontuário ;;;;beneficiary_patient_code;Number;;Sim;Coverage > Patient;
;Convênio ;;;;beneficiary_health_insurance;String ;;;Coverage;
;Nº Carteirinha;;;;beneficiary_card_number;Number;;;Coverage;
;Código do Plano;;;;beneficiary_health_plan_code;String ;;;Coverage > Plan;
;Data de Adesão;;;;beneficiary_accession_date;String ;YYYY-MM-DD;;Coverage;
;Validade da Carteirinha;;;;beneficiary_expiry_date;String ;YYYY-MM-DD;;Coverage;
;Data de Criação;;;;created_date;String ;YYYY-MM-DD;Sim;;
;Data de Atualização;;;;updated_date;String ;YYYY-MM-DD;Não;;
;Status/situação da cobertura;;;;beneficiary_status;Terminology ;FHIR;;Coverage;status
;;;;;;;;;;
Plano;Código do cliente de origem dos dados;"Identifica o cliente de origem dos dados enviados à DTO, ou a partir do qual os dados são recuperados pela DTO. Exemplo: ""saocaetano"". Utilizado para rastreabilidade e para tomada de decisão sobre como os dados devem ser processados.";A combinação dos valores destes campos compõe a identificação única de um Plano.;;client_code;String ;;;Plan;meta > tag > https://api-fhir.dataopera.com.br/NamingSystem/client-id
;Provedor responsável pelo envio dos dados;"Identifica o provedor parceiro do cliente responsável pelo envio dos dados à DTO, ou a partir do qual os dados são recuperados pela DTO. Exemplo: ""mobilemed"". Utilizado para rastreabilidade e para tomada de decisão sobre como os dados devem ser processados.";;;data_provider;String ;;;Plan;meta > tag > https://api-fhir.dataopera.com.br/NamingSystem/data-provider
;Caso de uso atendido pelos dados;"Identifica o caso de uso atendido pelos dados interoperados. Exemplo: ""imagens-e-laudos"", Utilizado para rastreabilidade e para tomada de decisão sobre como os dados devem ser processados.";;;use_case;String ;;;Plan;meta > tag > https://api-fhir.dataopera.com.br/NamingSystem/use-case
;Código do Plano;;;;health_plan_code;String ;;Sim;Plan;
;Nome do Plano;;;;health_plan_name;Number;;Sim;Plan;
;Tipo de Cobertura;;;;health_plan_coverage_type;String ;;;Plan;
;Tipo de Acomodação;;;;health_plan_accomodation_type;Number;;;Plan;
;Valor Mensalidade;;;;health_plan_value;String ;;;Plan;
;Data de Início do Plano;;;;health_plan_start_date;String ;YYYY-MM-DD;;Plan;
;Data de Fim do Plano;;;;health_plan_end_date;String ;YYYY-MM-DD;;Plan;
;Data de Criação;;;;created_date;String ;YYYY-MM-DD;Sim;;
;Data de Atualização;;;;updated_date;String ;YYYY-MM-DD;Não;;
;;;;;;;;;;
Carência;Código do cliente de origem dos dados;"Identifica o cliente de origem dos dados enviados à DTO, ou a partir do qual os dados são recuperados pela DTO. Exemplo: ""saocaetano"". Utilizado para rastreabilidade e para tomada de decisão sobre como os dados devem ser processados.";A combinação dos valores destes campos compõe a identificação única de uma Carência.;;client_code;String ;;;Contract ?;meta > tag > https://api-fhir.dataopera.com.br/NamingSystem/client-id
;Provedor responsável pelo envio dos dados;"Identifica o provedor parceiro do cliente responsável pelo envio dos dados à DTO, ou a partir do qual os dados são recuperados pela DTO. Exemplo: ""mobilemed"". Utilizado para rastreabilidade e para tomada de decisão sobre como os dados devem ser processados.";;;data_provider;String ;;;Contract ?;meta > tag > https://api-fhir.dataopera.com.br/NamingSystem/data-provider
;Caso de uso atendido pelos dados;"Identifica o caso de uso atendido pelos dados interoperados. Exemplo: ""imagens-e-laudos"", Utilizado para rastreabilidade e para tomada de decisão sobre como os dados devem ser processados.";;;use_case;String ;;;Contract ?;meta > tag > https://api-fhir.dataopera.com.br/NamingSystem/use-case
;Código da Carência;;;;waiting_period_code;Number;;Sim;Contract ?;
;Descrição da Carência;;;;waiting_period_name;Number;;Sim;Contract ?;
;Tempo de Carência (Dias);;;;waiting_period_days;String ;;Sim;Contract ?;
;Data de Início da Carência;;;;waiting_period_start_date;String ;YYYY-MM-DD;;Contract ?;
;Data de Fim da Carência;;;;waiting_period_end_date;String ;YYYY-MM-DD;;Contract ?;
;Data de Criação;;;;created_date;String ;YYYY-MM-DD;Sim;;
;Data de Atualização;;;;updated_date;String ;YYYY-MM-DD;Não;;
;;;;;;;;;;
Profissional;Código do cliente de origem dos dados;"Identifica o cliente de origem dos dados enviados à DTO, ou a partir do qual os dados são recuperados pela DTO. Exemplo: ""saocaetano"". Utilizado para rastreabilidade e para tomada de decisão sobre como os dados devem ser processados.";A combinação dos valores destes campos compõe a identificação única de um Profissional.;;client_code;String ;;;Practitioner;meta > tag > https://api-fhir.dataopera.com.br/NamingSystem/client-id
;Provedor responsável pelo envio dos dados;"Identifica o provedor parceiro do cliente responsável pelo envio dos dados à DTO, ou a partir do qual os dados são recuperados pela DTO. Exemplo: ""mobilemed"". Utilizado para rastreabilidade e para tomada de decisão sobre como os dados devem ser processados.";;;data_provider;String ;;;Practitioner;meta > tag > https://api-fhir.dataopera.com.br/NamingSystem/data-provider
;Caso de uso atendido pelos dados;"Identifica o caso de uso atendido pelos dados interoperados. Exemplo: ""imagens-e-laudos"", Utilizado para rastreabilidade e para tomada de decisão sobre como os dados devem ser processados.";;;use_case;String ;;;Practitioner;meta > tag > https://api-fhir.dataopera.com.br/NamingSystem/use-case
;Código do Profissional ;;;;provider_code;String ;;Sim;Practitioner;id / identifier.id-origin
;Nome do Profissional ;;;;provider_name;String ;;Sim;Practitioner;given / family
;CPF - Cadastro de Pessoa Física ;;;;provider_primary_document;String ;;Não;Practitioner;identifier['http://gov.cpf']
;RG - Registro Geral;;;;provider_secondary_document;String ;;Nao ;Practitioner;identifier['http://gov.rg']
;CNS - Cadastro Nacional de Saúde;;;;provider_third_document;String ;;Não;Practitioner;identifier['http://gov.cns']
;CNH - Carteira Nacional de Habilitação ;;;;provider_fourth_document;String ;;Não;Practitioner;
;CIN - Carteira de Identidade Nacional ;;;;provider_fifth_document;String ;;Não;Practitioner;
;RNE - Registro Nacional de Estrangeiro ;;;;provider_sixth_documento;String ;;Não;Practitioner;
;Sexo ;;;;provider_sex;String ;;Sim;Practitioner;
;Genero ;;;;provider_gender;String ;;Não;Practitioner;
;Nº do Conselho ;;;;provider_register;String ;;Sim;Practitioner;identifier['http://cfm.org.br']
;Estado do Conselho ;;;;provider_register_uf;String ;;Sim;Practitioner;identifier['http://cfm.org.br']
;Descrição do Conselho ;;;;provider_register_name;String ;;Sim;Practitioner;identifier['http://cfm.org.br']
;Especialidades ;;;;provider_specialty;Terminology ;CBO-S;Não;Practitioner;
;Subespecialidade ;;;;provider_subspecialty;Terminology ;CBO-S;Não;Practitioner;
;Ocupação ;;;;provider_occupation;Terminology ;CBO;Não;Practitioner;
;DDD Telefone Residencial ;;;;provider_ddd_phone;String ;;Não;Practitioner;
;Telefone Residencial;;;;provider_phone;String ;;Não;Practitioner;
;DDD Telefone Celular ;;;;provider_ddd_mobile;String ;;Não;Practitioner;
;Telefone Celular ;;;;provider_mobile;String ;;Não;Practitioner;
;DDD Telefone para Recado ;;;;provider_ddd_phone_contact;String ;;Não;Practitioner;
;Telefone para Recado ;;;;provider_phone_contact;String ;;Não;Practitioner;
;Telefone do Responsável ;;;;provider_contact_responsable;String ;;Não;Practitioner;
;Email;;;;provider_email;String ;;Não;Practitioner;
;Data de nascimento;;;;provider_birth_date;String ;YYYY-MM-DD;;;
;Profissional (sim/não);;;;provider_ishealthprofessional;Boolean;;;;
;Data de Criação;;;;created_date;String ;YYYY-MM-DD;Sim;;
;Data de Atualização;;;;updated_date;String ;YYYY-MM-DD;Não;;
;;;;;;;;;;
Especialidade;Código do cliente de origem dos dados;"Identifica o cliente de origem dos dados enviados à DTO, ou a partir do qual os dados são recuperados pela DTO. Exemplo: ""saocaetano"". Utilizado para rastreabilidade e para tomada de decisão sobre como os dados devem ser processados.";A combinação dos valores destes campos compõe a identificação única de um Beneficiário.;;client_code;String ;;;PractitionerRole;meta > tag > https://api-fhir.dataopera.com.br/NamingSystem/client-id
;Provedor responsável pelo envio dos dados;"Identifica o provedor parceiro do cliente responsável pelo envio dos dados à DTO, ou a partir do qual os dados são recuperados pela DTO. Exemplo: ""mobilemed"". Utilizado para rastreabilidade e para tomada de decisão sobre como os dados devem ser processados.";;;data_provider;String ;;;PractitionerRole;meta > tag > https://api-fhir.dataopera.com.br/NamingSystem/data-provider
;Caso de uso atendido pelos dados;"Identifica o caso de uso atendido pelos dados interoperados. Exemplo: ""imagens-e-laudos"", Utilizado para rastreabilidade e para tomada de decisão sobre como os dados devem ser processados.";;;use_case;String ;;;PractitionerRole;meta > tag > https://api-fhir.dataopera.com.br/NamingSystem/use-case
;Código do Profissional ;;;;specialty_provider_code;String ;;Sim;PractitionerRole;
;Código da Especialidade;;;;specialty_code;Terminology ;CBO-S;Sim;PractitionerRole;
;Nome da Especialidade;;;;specialty_name;String ;;Sim;PractitionerRole;
;Status da Especialidade;;;;specialty_status;Terminology ;;Não;PractitionerRole;
;Especialidade Primária;;;;specialty_primary;Boolean;;Não;PractitionerRole;
;Data de Criação;;;;created_date;String ;YYYY-MM-DD;Sim;;
;Data de Atualização;;;;updated_date;String ;YYYY-MM-DD;Não;;
;;;;;;;;;;
Organização;Código do cliente de origem dos dados;"Identifica o cliente de origem dos dados enviados à DTO, ou a partir do qual os dados são recuperados pela DTO. Exemplo: ""saocaetano"". Utilizado para rastreabilidade e para tomada de decisão sobre como os dados devem ser processados.";A combinação dos valores destes campos compõe a identificação única de uma Organização.;;client_code;String ;;Sim;Organization;meta > tag > https://api-fhir.dataopera.com.br/NamingSystem/client-id
;Provedor responsável pelo envio dos dados;"Identifica o provedor parceiro do cliente responsável pelo envio dos dados à DTO, ou a partir do qual os dados são recuperados pela DTO. Exemplo: ""mobilemed"". Utilizado para rastreabilidade e para tomada de decisão sobre como os dados devem ser processados.";;;data_provider;String ;;Sim;Organization;meta > tag > https://api-fhir.dataopera.com.br/NamingSystem/data-provider
;Caso de uso atendido pelos dados;"Identifica o caso de uso atendido pelos dados interoperados. Exemplo: ""imagens-e-laudos"", Utilizado para rastreabilidade e para tomada de decisão sobre como os dados devem ser processados.";;;use_case;String ;;Sim;Organization;meta > tag > https://api-fhir.dataopera.com.br/NamingSystem/use-case
;Código da Organização ;;;;organization_code;String ;;Sim;Organization;identifier (system = 'https://api-fhir.dataopera.com.br/NamingSystem/id-origin', value = client_code + data_provider + use_case + organization_code)
;Razão Social ;;;;organization_name;String ;;Sim;Organization;
;Nome Fantasia ;;;;organization_alias;String ;;Não;Organization;alias
;CNPJ - Cadastro Nacional de Pessoa Jurídica;;;;organization_primary_doc;String ;;Não;Organization;
;CNES - Codigo Estabelecimento de Saúde ;;;;organization_secondary_doc;String ;;Não;Organization;identifier (system = '2.16.840.1.113883.13.36', value = <Número no CNES>)
;Registro ANS ;;;;organization_third_doc;String ;;Não;Organization;
;Natureza Juridica (Empresa, Associação, Fundação, Órgão Público, etc);;;;organization_type;Terminology;;Não;Organization;
;Código do Município;;;;organization_location_code;Number;;Não;Organization;
;Logradouro;;;;organization_address;String ;;Não;Organization;
;Nº Logradouro;;;;organization_number;Number;;Não;Organization;
;Complemento do Logradouro;;;;organization_complement;String ;;Não;Organization;
;Cidade ;;;;organization_city;String ;;Não;Organization;
;Bairro ;;;;organization_neighborhood;String ;;Não;Organization;
;Estado ;;;;organization_state;String ;;Não;Organization;
;CEP;;;;organization_zipcode;String ;;Não;Organization;
;Responsável Técnico;;;;organization_person_resp;Number;;Não;Organization > RelatedPerson;
;DDD Telefone Comercial ;;;;organization_ddd_phone;String ;;Não;Organization;
;Telefone Comercial ;;;;organization_phone;String ;;Não;Organization;
;Site Institucional ;;;;organization_website;String ;;Não;Organization;
;E-mail Institucional ;;;;organization_email;String ;;Não;Organization;
;Tipo de Gestão ;;;;organization_management_type;Terminology ;CNES;Não;Organization;
;Data de Criação;;;;created_date;String ;YYYY-MM-DD;Sim;;
;Data de Atualização;;;;updated_date;String ;YYYY-MM-DD;Não;;
;;;;;;;;;;
Unidade;Código do cliente de origem dos dados;"Identifica o cliente de origem dos dados enviados à DTO, ou a partir do qual os dados são recuperados pela DTO. Exemplo: ""saocaetano"". Utilizado para rastreabilidade e para tomada de decisão sobre como os dados devem ser processados.";A combinação dos valores destes campos compõe a identificação única de uma Unidade.;;client_code;String ;;;Location;meta > tag > https://api-fhir.dataopera.com.br/NamingSystem/client-id
;Provedor responsável pelo envio dos dados;"Identifica o provedor parceiro do cliente responsável pelo envio dos dados à DTO, ou a partir do qual os dados são recuperados pela DTO. Exemplo: ""mobilemed"". Utilizado para rastreabilidade e para tomada de decisão sobre como os dados devem ser processados.";;;data_provider;String ;;;Location;meta > tag > https://api-fhir.dataopera.com.br/NamingSystem/data-provider
;Caso de uso atendido pelos dados;"Identifica o caso de uso atendido pelos dados interoperados. Exemplo: ""imagens-e-laudos"", Utilizado para rastreabilidade e para tomada de decisão sobre como os dados devem ser processados.";;;use_case;String ;;;Location;meta > tag > https://api-fhir.dataopera.com.br/NamingSystem/use-case
;Código da Unidade;;;;location_code;String ;;Sim;Location;identifier (system = 'https://api-fhir.dataopera.com.br/NamingSystem/id-origin', value = client_code + data_provider + use_case + location_code + 'LOC')
;Local / Leito;;;;location_place_code;Number;;;Location;
;Descrição Local / Leito;;;;location_name;String ;;;Location;name
;Tipo de Estabelcimento ;;;;location_type;Terminology ;;Tipo de Estabelecimento ;Location;
;Data de Criação;;;;created_date;String ;YYYY-MM-DD;;;
;Data de Atualização;;;;updated_date;String ;YYYY-MM-DD;;;
;Organização que gerencia a Unidade;;;;location_organization_code;String ;;;Location;managingOrganization
;;;;;;;;;;
Rede Credenciada;Código do cliente de origem dos dados;"Identifica o cliente de origem dos dados enviados à DTO, ou a partir do qual os dados são recuperados pela DTO. Exemplo: ""saocaetano"". Utilizado para rastreabilidade e para tomada de decisão sobre como os dados devem ser processados.";A combinação dos valores destes campos compõe a identificação única de uma Rede Credenciada.;;client_code;String ;;;Group;meta > tag > https://api-fhir.dataopera.com.br/NamingSystem/client-id
;Provedor responsável pelo envio dos dados;"Identifica o provedor parceiro do cliente responsável pelo envio dos dados à DTO, ou a partir do qual os dados são recuperados pela DTO. Exemplo: ""mobilemed"". Utilizado para rastreabilidade e para tomada de decisão sobre como os dados devem ser processados.";;;data_provider;String ;;;Group;meta > tag > https://api-fhir.dataopera.com.br/NamingSystem/data-provider
;Caso de uso atendido pelos dados;"Identifica o caso de uso atendido pelos dados interoperados. Exemplo: ""imagens-e-laudos"", Utilizado para rastreabilidade e para tomada de decisão sobre como os dados devem ser processados.";;;use_case;String ;;;Group;meta > tag > https://api-fhir.dataopera.com.br/NamingSystem/use-case
;Código da Rede Credenciada;;;;group_code;Number;;Sim;Group;
;Código da Unidade;;;;group_location_code;Number;;Sim;Group;
;Código do Profissional ;;;;group_provider_code;Number;;Sim;Group;
;Status;;;;group_status;Terminology ;;Sim;;
;Data de Criação;;;;created_date;String ;YYYY-MM-DD;Sim;;id / identifier.id-origin
;Data de Atualização;;;;updated_date;String ;YYYY-MM-DD;Não;;
;;;;;;;;;;subject
Atendimento;Identidade única do paciente;Gerado pelo MPI a partir dos dados de cadastro, identifica unicamente o paciente. Esse valor é utilizado para que se estabeleçam vínculos com outros recursos (exemplos: agendamentos, atendimentos, resultados, dentre outros), e que pacientes cujos dados sejam provenientes de diferentes fontes em um mesmo cliente possam ser unificados. ;O conteúdo deste campo corresponde à identificação única do paciente gerada pelo módulo Identity do MPI.;;publicToken;String ;;;Patient;identifier
;Código do cliente de origem dos dados;"Identifica o cliente de origem dos dados enviados à DTO, ou a partir do qual os dados são recuperados pela DTO. Exemplo: ""saocaetano"". Utilizado para rastreabilidade e para tomada de decisão sobre como os dados devem ser processados.";A combinação dos valores destes campos compõe a identificação única de um Atendimento.;;client_code;String ;;;Encounter;meta > tag > https://api-fhir.dataopera.com.br/NamingSystem/client-id
;Provedor responsável pelo envio dos dados;"Identifica o provedor parceiro do cliente responsável pelo envio dos dados à DTO, ou a partir do qual os dados são recuperados pela DTO. Exemplo: ""mobilemed"". Utilizado para rastreabilidade e para tomada de decisão sobre como os dados devem ser processados.";;;data_provider;String ;;;Encounter;meta > tag > https://api-fhir.dataopera.com.br/NamingSystem/data-provider
;Caso de uso atendido pelos dados;"Identifica o caso de uso atendido pelos dados interoperados. Exemplo: ""imagens-e-laudos"", Utilizado para rastreabilidade e para tomada de decisão sobre como os dados devem ser processados.";;;use_case;String ;;;Encounter;meta > tag > https://api-fhir.dataopera.com.br/NamingSystem/use-case
;Nº Atendimento ;;;;encounter_code;String ;;Sim;Encounter;
;Nº Conta (Faturamento);;;;encounter_accounter_code;Number;;Não;Encounter;
;Nº do Prontuário ;;;;encounter_patient_code;Number;;Sim;Encounter > Patient;participant
;Código do Agendamento;;;;encounter_schedule_code;Number;;Não;Encounter > Schedule;
;Código da Organização ;;;;encounter_organization_code;Number;;Sim;Encounter > Organization;
;Código do Profissional ;;;;encounter_provider_code;Number;;Sim;Encounter > Practitioner;status
;Tipo de Atendimento ;;;;encounter_type;Terminology;;;Encounter;
;Modalide/Regime de Atendimento ;;;;encounter_modality;Terminology;;;Encounter;
;Status do Atendimento;;;;encounter_status;Terminology ;;;Encounter;
;Data Entrada da Instituição (Retirada de Senha);;;;encounter_entry_date;String ;YYYY-MM-DD;;Encounter;
;Hora da Entrada da Instituição (Retirada de Senha);;;;encounter_entry_time;String;HH:MM:SS;;Encounter;
;Data Entrada do Atendimento Administrativo (Abertura de Ficha);;;;encounter_date_start;String ;YYYY-MM-DD;;Encounter;
;Hora da Entrada do Atendimento Administrativo (Abertura de Ficha);;;;encounter_time_start;String;HH:MM:SS;;Encounter;
;Data da Triagem/Acolhimento;;;;encounter_filter_date;String ;YYYY-MM-DD;;Encounter;
;Hora da Triagem/Acolhimento;;;;encounter_filter_time;String;HH:MM:SS;;Encounter;
;Data do Atendimento Médico ;;;;encounter_medical_date_start;String ;YYYY-MM-DD;;Encounter;
;Hora do Atendimento Médico ;;;;encounter_medical_time_start;String;HH:MM:SS;;Encounter;
;Data de Alta Médica do Atendimento;;;;encounter_medical_date_end;String ;YYYY-MM-DD;;Encounter;
;Hora de Alta Médica do Atendimento ;;;;encounter_medical_time_end;String;HH:MM:SS;;Encounter;
;Data de Alta/Saída do Atendimento;;;;encounter_date_end;String ;YYYY-MM-DD;;Encounter;
;Hora de Alta/Saída do Atendimento ;;;;encounter_time_end;String;HH:MM:SS;;Encounter;
;Descrição da Alta/Desfecho Clinico ;;;;encounter_clinical_outcome;String ;;;Encounter;
;Tipo de Acidente ;;;;encounter_accident_type;Terminology ;;;Encounter;
;Caráter da Solicitação (Eletivo/Urgência e Emergência);;;;encounter_request_reason;String ;;;Encounter;
;Data de Criação;;;;created_date;String ;YYYY-MM-DD;Sim;;
;Hora de Criação;;;;created_time;String ;HH:MM:SS;Sim;;
;Data de Atualização;;;;updated_date;String ;YYYY-MM-DD;Não;;
;;;;;;;;;;
Alergia;Identidade única do paciente;Gerado pelo MPI a partir dos dados de cadastro, identifica unicamente o paciente. Esse valor é utilizado para que se estabeleçam vínculos com outros recursos (exemplos: agendamentos, atendimentos, resultados, dentre outros), e que pacientes cujos dados sejam provenientes de diferentes fontes em um mesmo cliente possam ser unificados. ;O conteúdo deste campo corresponde à identificação única do paciente gerada pelo módulo Identity do MPI.;;publicToken;String ;;;Patient;identifier
;Código do cliente de origem dos dados;"Identifica o cliente de origem dos dados enviados à DTO, ou a partir do qual os dados são recuperados pela DTO. Exemplo: ""saocaetano"". Utilizado para rastreabilidade e para tomada de decisão sobre como os dados devem ser processados.";A combinação dos valores destes campos compõe a identificação única de uma Alergia.;;client_code;String ;;;Allergy;meta > tag > https://api-fhir.dataopera.com.br/NamingSystem/client-id
;Provedor responsável pelo envio dos dados;"Identifica o provedor parceiro do cliente responsável pelo envio dos dados à DTO, ou a partir do qual os dados são recuperados pela DTO. Exemplo: ""mobilemed"". Utilizado para rastreabilidade e para tomada de decisão sobre como os dados devem ser processados.";;;data_provider;String ;;;Allergy;meta > tag > https://api-fhir.dataopera.com.br/NamingSystem/data-provider
;Caso de uso atendido pelos dados;"Identifica o caso de uso atendido pelos dados interoperados. Exemplo: ""imagens-e-laudos"", Utilizado para rastreabilidade e para tomada de decisão sobre como os dados devem ser processados.";;;use_case;String ;;;Allergy;meta > tag > https://api-fhir.dataopera.com.br/NamingSystem/use-case
;Código da Substância;;;;allergy_substance_code ;Number;;;Allergy;
;Código do Paciente;;;;allergy_patient_code;Number;;Sim;Allergy > Patient;
;Nome da Substância ;;;;allergy_substance_name;String ;;;Allergy;
;Status da Alergia;;;;allergy_status;Boolean;;;Allergy;
;Data do Registro ;;;;allergy_date;String ;YYYY-MM-DD;Sim;Allergy;
;Hora do Registro ;;;;allergy_time;String ;HH:MM:SS;;Allergy;
;Manifestação;;;;allergy_manifestation;String ;;;Allergy;
;Severidade ;;;;allergy_severity;String ;;;Allergy;
;;;;;;;;;;
Diagnóstico;Identidade única do paciente;Gerado pelo MPI a partir dos dados de cadastro, identifica unicamente o paciente. Esse valor é utilizado para que se estabeleçam vínculos com outros recursos (exemplos: agendamentos, atendimentos, resultados, dentre outros), e que pacientes cujos dados sejam provenientes de diferentes fontes em um mesmo cliente possam ser unificados. ;O conteúdo deste campo corresponde à identificação única do paciente gerada pelo módulo Identity do MPI.;;publicToken;String ;;;Patient;identifier
;Código do cliente de origem dos dados;"Identifica o cliente de origem dos dados enviados à DTO, ou a partir do qual os dados são recuperados pela DTO. Exemplo: ""saocaetano"". Utilizado para rastreabilidade e para tomada de decisão sobre como os dados devem ser processados.";A combinação dos valores destes campos compõe a identificação única de um Diagnóstico.;;client_code;String ;;;Condition;meta > tag > https://api-fhir.dataopera.com.br/NamingSystem/client-id
;Provedor responsável pelo envio dos dados;"Identifica o provedor parceiro do cliente responsável pelo envio dos dados à DTO, ou a partir do qual os dados são recuperados pela DTO. Exemplo: ""mobilemed"". Utilizado para rastreabilidade e para tomada de decisão sobre como os dados devem ser processados.";;;data_provider;String ;;;Condition;meta > tag > https://api-fhir.dataopera.com.br/NamingSystem/data-provider
;Caso de uso atendido pelos dados;"Identifica o caso de uso atendido pelos dados interoperados. Exemplo: ""imagens-e-laudos"", Utilizado para rastreabilidade e para tomada de decisão sobre como os dados devem ser processados.";;;use_case;String ;;;Condition;meta > tag > https://api-fhir.dataopera.com.br/NamingSystem/use-case
;Código do Diagnóstico;;;;condition_code;String ;;Sim;Condition;
;Código do Atendimento ;;;Diagnóstico Principal;condition_encounter_code;String ;;Sim;Condition > Encounter;
;Código do Paciente;;;Diagnóstico Crônico;condition_patient_code;Number;;;Condition > Patient;
;Descrição do Diagnóstico;;;Diagnóstico Nanda;condition_name;String ;;;Condition;
;Classificação do Diagnóstico;;;Diagnóstico CIAP 2;condition_classification;String ;;;;
;Tipo do Diagnóstico;;;Score Glasgow;condition_type;String ;;;;
;Data do Registro ;;;Escala de Fugulin;condition_date;String ;YYYY-MM-DD;;Condition;
;Hora do Registro ;;;Escala de Bradem;condition_time;String ;HH:MM:SS;;Condition;
;Data de Criação;;;Classificação de Manchester;created_date;String ;YYYY-MM-DD;;;
;Data de Atualização;;;Escala/ Indice de AVC;updated_date;String ;YYYY-MM-DD;;;
;;;;;;;;;;
Cirurgia;Identidade única do paciente;Gerado pelo MPI a partir dos dados de cadastro, identifica unicamente o paciente. Esse valor é utilizado para que se estabeleçam vínculos com outros recursos (exemplos: agendamentos, atendimentos, resultados, dentre outros), e que pacientes cujos dados sejam provenientes de diferentes fontes em um mesmo cliente possam ser unificados. ;O conteúdo deste campo corresponde à identificação única do paciente gerada pelo módulo Identity do MPI.;;publicToken;String ;;;Patient;identifier
;Código do cliente de origem dos dados;"Identifica o cliente de origem dos dados enviados à DTO, ou a partir do qual os dados são recuperados pela DTO. Exemplo: ""saocaetano"". Utilizado para rastreabilidade e para tomada de decisão sobre como os dados devem ser processados.";A combinação dos valores destes campos compõe a identificação única de uma Cirurgia.;;client_code;String ;;;Procedure;meta > tag > https://api-fhir.dataopera.com.br/NamingSystem/client-id
;Provedor responsável pelo envio dos dados;"Identifica o provedor parceiro do cliente responsável pelo envio dos dados à DTO, ou a partir do qual os dados são recuperados pela DTO. Exemplo: ""mobilemed"". Utilizado para rastreabilidade e para tomada de decisão sobre como os dados devem ser processados.";;;data_provider;String ;;;Procedure;meta > tag > https://api-fhir.dataopera.com.br/NamingSystem/data-provider
;Caso de uso atendido pelos dados;"Identifica o caso de uso atendido pelos dados interoperados. Exemplo: ""imagens-e-laudos"", Utilizado para rastreabilidade e para tomada de decisão sobre como os dados devem ser processados.";;;use_case;String ;;;Procedure;meta > tag > https://api-fhir.dataopera.com.br/NamingSystem/use-case
;Código da Cirurgia ;;;;surgery_code;Number;;;Procedure;
;Código do Paciente;;;;surgery_patient_code;Number;;;Procedure > Patient;
;Código do Atendimento ;;;;surgery_encounter_code;Number;;;Procedure;
;Código do Procedimento;;;;surgery_procedure_code;Number;;;Procedure;
;Código do Diagnóstico da Cirurgia;;;;surgery_diagnosis_code;String ;Terminology;;Procedure;
;Descrição da Cirurgia ;;;;surgery_name;String ;;;Procedure;
;Observação Cirurgica;;;;surgery_onservation;String ;;;Procedure;
;Tipo de Anestesia ;;;;surgery_anesthesia_type;Terminology ;;;Procedure;
;Data Início da Cirurgia;;;;surgery_start_date;String ;YYYY-MM-DD;;Procedure;
;Hora Início da Cirurgia;;;;surgery_start_time;String ;HH:MM:SS;;Procedure;
;Data Fim da Cirurgia;;;;surgery_end_date;String ;YYYY-MM-DD;;Procedure;
;Hora Fim da Cirurgia;;;;surgery_end_time;String ;HH:MM:SS;;Procedure;
;Status da Cirurgia;;;;surgery_status;Terminology ;;;Procedure;
;Tipo de Cirurgia;;;;surgery_type;Terminology;FHIR;;Procedure;
;Via de Acesso;;;;surgery_access_route;Terminology ;;;Procedure;
;Data do Registro ;;;;surgery_date;String ;YYYY-MM-DD;;Procedure;
;Hora do Registro ;;;;surgery_time;String ;HH:MM:SS;;Procedure;
;;;;;;;;;;
Imunização;Identidade única do paciente;Gerado pelo MPI a partir dos dados de cadastro, identifica unicamente o paciente. Esse valor é utilizado para que se estabeleçam vínculos com outros recursos (exemplos: agendamentos, atendimentos, resultados, dentre outros), e que pacientes cujos dados sejam provenientes de diferentes fontes em um mesmo cliente possam ser unificados. ;O conteúdo deste campo corresponde à identificação única do paciente gerada pelo módulo Identity do MPI.;;publicToken;String ;;;Patient;identifier
;Código do cliente de origem dos dados;"Identifica o cliente de origem dos dados enviados à DTO, ou a partir do qual os dados são recuperados pela DTO. Exemplo: ""saocaetano"". Utilizado para rastreabilidade e para tomada de decisão sobre como os dados devem ser processados.";A combinação dos valores destes campos compõe a identificação única de uma Imunização.;;client_code;String ;;;Immunization;meta > tag > https://api-fhir.dataopera.com.br/NamingSystem/client-id
;Provedor responsável pelo envio dos dados;"Identifica o provedor parceiro do cliente responsável pelo envio dos dados à DTO, ou a partir do qual os dados são recuperados pela DTO. Exemplo: ""mobilemed"". Utilizado para rastreabilidade e para tomada de decisão sobre como os dados devem ser processados.";;;data_provider;String ;;;Immunization;meta > tag > https://api-fhir.dataopera.com.br/NamingSystem/data-provider
;Caso de uso atendido pelos dados;"Identifica o caso de uso atendido pelos dados interoperados. Exemplo: ""imagens-e-laudos"", Utilizado para rastreabilidade e para tomada de decisão sobre como os dados devem ser processados.";;;use_case;String ;;;Immunization;meta > tag > https://api-fhir.dataopera.com.br/NamingSystem/use-case
;Código da Imunização;;;;immunization_code;Number;;;Immunization;
;Código do Paciente;;;;immunization_patient_code;Number;;;Immunization > Patient;
;Data do Registro ;;;;immunization_date;String ;YYYY-MM-DD;;Immunization;
;Hora do Registro ;;;;immunization_time;String ;HH:MM:SS;;Immunization;
;Descrição da Imunização;;;;immunization_name;String ;;;Immunization;
;Dose ;;;;immunization_dosage;String ;;;Immunization;
;;;;;;;;;;
Sinais Vitais ;Identidade única do paciente;Gerado pelo MPI a partir dos dados de cadastro, identifica unicamente o paciente. Esse valor é utilizado para que se estabeleçam vínculos com outros recursos (exemplos: agendamentos, atendimentos, resultados, dentre outros), e que pacientes cujos dados sejam provenientes de diferentes fontes em um mesmo cliente possam ser unificados. ;O conteúdo deste campo corresponde à identificação única do paciente gerada pelo módulo Identity do MPI.;;publicToken;String ;;;Patient;identifier
;Código do cliente de origem dos dados;"Identifica o cliente de origem dos dados enviados à DTO, ou a partir do qual os dados são recuperados pela DTO. Exemplo: ""saocaetano"". Utilizado para rastreabilidade e para tomada de decisão sobre como os dados devem ser processados.";A combinação dos valores destes campos compõe a identificação única de um Sinal Vital.;;client_code;String ;;;Observation;meta > tag > https://api-fhir.dataopera.com.br/NamingSystem/client-id
;Provedor responsável pelo envio dos dados;"Identifica o provedor parceiro do cliente responsável pelo envio dos dados à DTO, ou a partir do qual os dados são recuperados pela DTO. Exemplo: ""mobilemed"". Utilizado para rastreabilidade e para tomada de decisão sobre como os dados devem ser processados.";;;data_provider;String ;;;Observation;meta > tag > https://api-fhir.dataopera.com.br/NamingSystem/data-provider
;Caso de uso atendido pelos dados;"Identifica o caso de uso atendido pelos dados interoperados. Exemplo: ""imagens-e-laudos"", Utilizado para rastreabilidade e para tomada de decisão sobre como os dados devem ser processados.";;;use_case;String ;;;Observation;meta > tag > https://api-fhir.dataopera.com.br/NamingSystem/use-case
;Código da Medição;;;;vital_signs_code;Number;;;Observation;
;Código do Paciente;;;;vital_signs_patient_code;Number;;;Observation > Patient;
;Código do Atendimento ;;;;vital_signs_encounter_code;Number;;;Observation > Encounter;
;Tipo da Observação;;;;vital_signs_class;Terminology;;;Observation;
;Categoria da Observação;;;;vital_signs_category;Terminology;FHIR;;Observation;
;Valor da Medição;;;;vital_signs_value;String ;;;Observation;
;Unidade de Medida;;;;vital_signs_measure_value;String ;;;Observation;
;Tipo da Medição;;;;vital_signs_type;Terminology;;;Observation;
;Data do Registro ;;;;vital_signs_date;String ;YYYY-MM-DD;;Observation;
;Hora do Registro ;;;;vital_signs_time;String ;HH:MM:SS;;Observation;
;;;;;;;;;;
Medicamento;Identidade única do paciente;Gerado pelo MPI a partir dos dados de cadastro, identifica unicamente o paciente. Esse valor é utilizado para que se estabeleçam vínculos com outros recursos (exemplos: agendamentos, atendimentos, resultados, dentre outros), e que pacientes cujos dados sejam provenientes de diferentes fontes em um mesmo cliente possam ser unificados. ;O conteúdo deste campo corresponde à identificação única do paciente gerada pelo módulo Identity do MPI.;;publicToken;String ;;;Patient;identifier
;Código do cliente de origem dos dados;"Identifica o cliente de origem dos dados enviados à DTO, ou a partir do qual os dados são recuperados pela DTO. Exemplo: ""saocaetano"". Utilizado para rastreabilidade e para tomada de decisão sobre como os dados devem ser processados.";A combinação dos valores destes campos compõe a identificação única de um Medicamento.;;client_code;String ;;;MedicationRequest;meta > tag > https://api-fhir.dataopera.com.br/NamingSystem/client-id
;Provedor responsável pelo envio dos dados;"Identifica o provedor parceiro do cliente responsável pelo envio dos dados à DTO, ou a partir do qual os dados são recuperados pela DTO. Exemplo: ""mobilemed"". Utilizado para rastreabilidade e para tomada de decisão sobre como os dados devem ser processados.";;;data_provider;String ;;;MedicationRequest;meta > tag > https://api-fhir.dataopera.com.br/NamingSystem/data-provider
;Caso de uso atendido pelos dados;"Identifica o caso de uso atendido pelos dados interoperados. Exemplo: ""imagens-e-laudos"", Utilizado para rastreabilidade e para tomada de decisão sobre como os dados devem ser processados.";;;use_case;String ;;;MedicationRequest;meta > tag > https://api-fhir.dataopera.com.br/NamingSystem/use-case
;Código da Prescrição Medicação;;;;medication_code;Number;;;MedicationRequest;performer
;Código do Atendimento ;;;;medication_encounter_code;Number;;;MedicationRequest > Encounter;
;Código do Paciente;;;;medication_patient_code;Number;;;MedicationRequest > Patient;
;Código do Profissional ;;;;medication_provider_code;Number;;;MedicationRequest > Practitioner;
;Prescrição  Medicação;;;;medication_name;String ;;;MedicationRequest;
;Categoria da Medicação;;;;medication_category;Terminology ;;;MedicationRequest;
;Status da Medicação;;;Prescrição ;medication_status;Terminology ;;;MedicationRequest;
;Via de Medicaçào;;;Receita;medication_route;Terminology ;;;MedicationRequest;
;Frequência da Medicação;;;Uso Informado;medication_frequency;Terminology ;;;MedicationRequest;
;Quantidade da Solicitação;;;Uso Contínuo ;medication_dosage;String ;;;MedicationRequest;
;Observação ;;;;medication_description;String ;;;MedicationRequest;
;Data do Registro ;;;;medication_date;String ;YYYY-MM-DD;;MedicationRequest;
;Hora do Registro ;;;;medication_time;String ;HH:MM:SS;;MedicationRequest;
;Data de Criação;;;;created_date;String ;YYYY-MM-DD;;MedicationRequest;
;Data de Atualização;;;;updated_date;String ;YYYY-MM-DD;;MedicationRequest;
;;;;;;;;;;
Observação Clínica;Identidade única do paciente;Gerado pelo MPI a partir dos dados de cadastro, identifica unicamente o paciente. Esse valor é utilizado para que se estabeleçam vínculos com outros recursos (exemplos: agendamentos, atendimentos, resultados, dentre outros), e que pacientes cujos dados sejam provenientes de diferentes fontes em um mesmo cliente possam ser unificados. ;O conteúdo deste campo corresponde à identificação única do paciente gerada pelo módulo Identity do MPI.;;publicToken;String ;;;Patient;identifier
;Código do cliente de origem dos dados;"Identifica o cliente de origem dos dados enviados à DTO, ou a partir do qual os dados são recuperados pela DTO. Exemplo: ""saocaetano"". Utilizado para rastreabilidade e para tomada de decisão sobre como os dados devem ser processados.";A combinação dos valores destes campos compõe a identificação única de uma Observação Clínica.;;client_code;String ;;;Observation;meta > tag > https://api-fhir.dataopera.com.br/NamingSystem/client-id
;Provedor responsável pelo envio dos dados;"Identifica o provedor parceiro do cliente responsável pelo envio dos dados à DTO, ou a partir do qual os dados são recuperados pela DTO. Exemplo: ""mobilemed"". Utilizado para rastreabilidade e para tomada de decisão sobre como os dados devem ser processados.";;;data_provider;String ;;;Observation;meta > tag > https://api-fhir.dataopera.com.br/NamingSystem/data-provider
;Caso de uso atendido pelos dados;"Identifica o caso de uso atendido pelos dados interoperados. Exemplo: ""imagens-e-laudos"", Utilizado para rastreabilidade e para tomada de decisão sobre como os dados devem ser processados.";;;use_case;String ;;;Observation;meta > tag > https://api-fhir.dataopera.com.br/NamingSystem/use-case
;Código da Observação;;;;observation_code;Number;;;Observation;code > coding > display
;Código do Atendimento ;;;Histórico de Doença (Pessoal );observation_encounter_code;Number;;;Observation > Encounter;category
;Código do Paciente;;;Exame Físico Admissão ;observation_patient_code;Number;;;Observation > Patient;
;Descrição da Observação;;;Queixa / Doença Atual;observation_description;String ;;;Observation;
;Notas da Observação;;;Evolução Clinica Enfermagem ;observation_notes;String ;;;Observation;
;Data do Registro ;;;Evolução Clinica Medico ;observation_date;String ;YYYY-MM-DD;;Observation;
;Hora do Registro ;;;Evolução Clinica -  Equipe Multidisciplinar;observation_time;String ;HH:MM:SS;;Observation;status
;Data de Criação;;;Evolução Cirugica;created_date;String ;YYYY-MM-DD;;Observation;code
;Data de Atualização;;;Dados do Histórico Familiar ;updated_date;String ;YYYY-MM-DD;;Observation;basedOn
;Status/situação da Observação;;;Objetivos e Recomendações;observation_status;Terminology ;FHIR;;Observation;code > coding > code
;Tipo da Observação / categoria da observação;;;Anamnese;observation_type;Terminology;FHIR;;Observation;
;Código da Requisição à qual a observação está relacionada;;;;observation_request_exam_code;String ;;;Observation;
;Código ao qual a descrição da observação está relacionado;;;;observation_description_code;String ;;Sim;Observation;
;;;;;;;;;;
Agendamento;Identidade única do paciente;Gerado pelo MPI a partir dos dados de cadastro, identifica unicamente o paciente. Esse valor é utilizado para que se estabeleçam vínculos com outros recursos (exemplos: agendamentos, atendimentos, resultados, dentre outros), e que pacientes cujos dados sejam provenientes de diferentes fontes em um mesmo cliente possam ser unificados. ;O conteúdo deste campo corresponde à identificação única do paciente gerada pelo módulo Identity do MPI.;;publicToken;String ;;;Patient;identifier
;Código do cliente de origem dos dados;"Identifica o cliente de origem dos dados enviados à DTO, ou a partir do qual os dados são recuperados pela DTO. Exemplo: ""saocaetano"". Utilizado para rastreabilidade e para tomada de decisão sobre como os dados devem ser processados.";A combinação dos valores destes campos compõe a identificação única de um Agendamento.;;client_code;String ;;;Schedule;meta > tag > https://api-fhir.dataopera.com.br/NamingSystem/client-id
;Provedor responsável pelo envio dos dados;"Identifica o provedor parceiro do cliente responsável pelo envio dos dados à DTO, ou a partir do qual os dados são recuperados pela DTO. Exemplo: ""mobilemed"". Utilizado para rastreabilidade e para tomada de decisão sobre como os dados devem ser processados.";;;data_provider;String ;;;Schedule;meta > tag > https://api-fhir.dataopera.com.br/NamingSystem/data-provider
;Caso de uso atendido pelos dados;"Identifica o caso de uso atendido pelos dados interoperados. Exemplo: ""imagens-e-laudos"", Utilizado para rastreabilidade e para tomada de decisão sobre como os dados devem ser processados.";;;use_case;String ;;;Schedule;meta > tag > https://api-fhir.dataopera.com.br/NamingSystem/use-case
;Código do Agendamento;;;;schedule_code;Number;;;Schedule;
;Código do Atendimento ;;;;schedule_encounter_code;Number;;;;
;Código do Paciente;;;;schedule_patient_code;Number;;;Schedule > Patient;
;Código da Unidade;;;;schedule_location_code;Number;;Sim;Schedule > Location;
;Código do Profissional ;;;;schedule_provider_code;Number;;;Schedule > Practitioner;
;Especialidade ;;;;schedule_speciality;Terminology;;;Schedule;
;Status do Agendamento;;;;schedule_status;Terminology ;;;Schedule;
;Motivo do Cancelamento;;;;schedule_reason;String ;;;Schedule;
;Tipo de Evento;;;;schedule_event;Terminology;;;Schedule;
;Descrição do Evento;;;;schedule_event_description;String ;;;Schedule;
;Tipo de Agendamento;;;;schedule_type;Terminology;;;Schedule;
;Data do Agendamento;;;;schedule_date;String ;YYYY-MM-DD;;Schedule;
;Hora do Agendamento;;;;schedule_time;String ;HH:MM:SS;;Schedule;
;Data de Criação;;;;created_date;String ;YYYY-MM-DD;;Schedule;
;Data de Atualização;;;;updated_date;String ;YYYY-MM-DD;;Schedule;
;Descrição da Agenda;;;;schedule_description;String ;;;;
;Id da fila;;;;schedule_queues.id;Boolean;;;;
;Aguardar profissional;;;;schedule_shouldWait;Boolean;;;;
;Data de Cancelamento;;;;schedule_cancelation_date;String ;YYYY-MM-DD;;;
;;;;;;;;;;
Exame Solicitado;Identidade única do paciente;Gerado pelo MPI a partir dos dados de cadastro, identifica unicamente o paciente. Esse valor é utilizado para que se estabeleçam vínculos com outros recursos (exemplos: agendamentos, atendimentos, resultados, dentre outros), e que pacientes cujos dados sejam provenientes de diferentes fontes em um mesmo cliente possam ser unificados. ;O conteúdo deste campo corresponde à identificação única do paciente gerada pelo módulo Identity do MPI.;;publicToken;String ;;;Patient;identifier
;Código do cliente de origem dos dados;"Identifica o cliente de origem dos dados enviados à DTO, ou a partir do qual os dados são recuperados pela DTO. Exemplo: ""saocaetano"". Utilizado para rastreabilidade e para tomada de decisão sobre como os dados devem ser processados.";A combinação dos valores destes campos compõe a identificação única de um Exame Solicitado.;;client_code;String ;;;ServiceRequest;meta > tag > https://api-fhir.dataopera.com.br/NamingSystem/client-id
;Provedor responsável pelo envio dos dados;"Identifica o provedor parceiro do cliente responsável pelo envio dos dados à DTO, ou a partir do qual os dados são recuperados pela DTO. Exemplo: ""mobilemed"". Utilizado para rastreabilidade e para tomada de decisão sobre como os dados devem ser processados.";;;data_provider;String ;;;ServiceRequest;meta > tag > https://api-fhir.dataopera.com.br/NamingSystem/data-provider
;Caso de uso atendido pelos dados;"Identifica o caso de uso atendido pelos dados interoperados. Exemplo: ""imagens-e-laudos"", Utilizado para rastreabilidade e para tomada de decisão sobre como os dados devem ser processados.";;;use_case;String ;;;ServiceRequest;meta > tag > https://api-fhir.dataopera.com.br/NamingSystem/use-case
;Código do Exame;;;;request_exam_code;Terminology;TUSS;;ServiceRequest;
;Código do Paciente;;;;request_exam_patient_code;Number;;;ServiceRequest > Patient;intent
;Código do Atendimento ;;;;request_exam_encounter_code;Number;;;ServiceRequest > Encounter;
;Descriçào do Exame;;;;request_exam_description;String ;;;ServiceRequest;
;Tipo de requisição;;;;request_exam_type;Terminology;FHIR;;ServiceRequest;
;Código do Documento do Exame;;;;request_exam_document;String ;;;ServiceRequest > Document;
;Data do Registro ;;;;request_exam_date;String ;YYYY-MM-DD;;ServiceRequest;
;Hora do Registro ;;;;request_exam_time;String ;HH:MM:SS;;ServiceRequest;
;Observação;;;;request_exam_notes;String ;;;ServiceRequest;category
;Data de Criação;;;;created_date;String ;YYYY-MM-DD;;ServiceRequest;status
;Data de Atualização;;;;updated_date;String ;YYYY-MM-DD;;ServiceRequest;
;Categoria do exame;;;;request_exam_category;Terminology ;FHIR;;ServiceRequest;locationReference
;Status/situação do exame;;;;request_exam_status;Terminology ;FHIR;;ServiceRequest;
;Código do provedor do serviço;;;;request_exam_provider_code;String ;;;ServiceRequest;
;Localização na qual o exame deve ser executado;;;;request_exam_location_code;String ;;;ServiceRequest > Location;
;;;;;;;;;;
Documento;Identidade única do paciente;Gerado pelo MPI a partir dos dados de cadastro, identifica unicamente o paciente. Esse valor é utilizado para que se estabeleçam vínculos com outros recursos (exemplos: agendamentos, atendimentos, resultados, dentre outros), e que pacientes cujos dados sejam provenientes de diferentes fontes em um mesmo cliente possam ser unificados. ;O conteúdo deste campo corresponde à identificação única do paciente gerada pelo módulo Identity do MPI.;;publicToken;String ;;;Patient;identifier
;Código do cliente de origem dos dados;"Identifica o cliente de origem dos dados enviados à DTO, ou a partir do qual os dados são recuperados pela DTO. Exemplo: ""saocaetano"". Utilizado para rastreabilidade e para tomada de decisão sobre como os dados devem ser processados.";A combinação dos valores destes campos compõe a identificação única de um Documento.;;client_code;String ;;;DocumentReference;meta > tag > https://api-fhir.dataopera.com.br/NamingSystem/client-id
;Provedor responsável pelo envio dos dados;"Identifica o provedor parceiro do cliente responsável pelo envio dos dados à DTO, ou a partir do qual os dados são recuperados pela DTO. Exemplo: ""mobilemed"". Utilizado para rastreabilidade e para tomada de decisão sobre como os dados devem ser processados.";;;data_provider;String ;;;DocumentReference;meta > tag > https://api-fhir.dataopera.com.br/NamingSystem/data-provider
;Caso de uso atendido pelos dados;"Identifica o caso de uso atendido pelos dados interoperados. Exemplo: ""imagens-e-laudos"", Utilizado para rastreabilidade e para tomada de decisão sobre como os dados devem ser processados.";;;use_case;String ;;;DocumentReference;meta > tag > https://api-fhir.dataopera.com.br/NamingSystem/use-case
;Código do Documento;;;;document_code;String ;;Sim;DocumentReference;
;Código do Paciente;;;;document_patient_code;String ;;;;
;URL do Documento;;;;document_url;String ;;;DocumentReference;
;Tipo do Documento;;;;document_type;String ;;;DocumentReference;
;Descrição do Documento;;;;document_description;Terminology;FHIR;;DocumentReference;
;Data do Registro ;;;;document_date;String ;YYYY-MM-DD;;DocumentReference;
;Hora do Registro ;;;;document_time;String ;HH:MM:SS;;DocumentReference;data
;Data de Criação;;;;created_date;String ;YYYY-MM-DD;;DocumentReference;
;Data de Atualização;;;;updated_date;String ;YYYY-MM-DD;;DocumentReference;
;Conteúdo do Documento;;;;document_content;String ;;;DocumentReference>content>attachment;
;;;;;;;;;;
Resultado de Exame;Identidade única do paciente;Gerado pelo MPI a partir dos dados de cadastro, identifica unicamente o paciente. Esse valor é utilizado para que se estabeleçam vínculos com outros recursos (exemplos: agendamentos, atendimentos, resultados, dentre outros), e que pacientes cujos dados sejam provenientes de diferentes fontes em um mesmo cliente possam ser unificados. ;O conteúdo deste campo corresponde à identificação única do paciente gerada pelo módulo Identity do MPI.;;publicToken;String ;;;Patient;identifier
;Código do cliente de origem dos dados;"Identifica o cliente de origem dos dados enviados à DTO, ou a partir do qual os dados são recuperados pela DTO. Exemplo: ""saocaetano"". Utilizado para rastreabilidade e para tomada de decisão sobre como os dados devem ser processados.";A combinação dos valores destes campos compõe a identificação única de um Resultado de Exame.;;client_code;String ;;;DocumentReference;meta > tag > https://api-fhir.dataopera.com.br/NamingSystem/client-id
;Provedor responsável pelo envio dos dados;"Identifica o provedor parceiro do cliente responsável pelo envio dos dados à DTO, ou a partir do qual os dados são recuperados pela DTO. Exemplo: ""mobilemed"". Utilizado para rastreabilidade e para tomada de decisão sobre como os dados devem ser processados.";;;data_provider;String ;;;DocumentReference;meta > tag > https://api-fhir.dataopera.com.br/NamingSystem/data-provider
;Caso de uso atendido pelos dados;"Identifica o caso de uso atendido pelos dados interoperados. Exemplo: ""imagens-e-laudos"", Utilizado para rastreabilidade e para tomada de decisão sobre como os dados devem ser processados.";;;use_case;String ;;;DocumentReference;meta > tag > https://api-fhir.dataopera.com.br/NamingSystem/use-case
;Código do Exame;;;;result_exam_code;Terminology;TUSS;;DiagnosticReport/Observation;
;Código do Paciente;;;;result_exam_patient_code;Number;;;DiagnosticReport/Observation > Patient;
;Código do Atendimento ;;;;result_exam_encounter_code;Number;;;DiagnosticReport/Observation > Encounter;
;Descriçào do Exame;;;;result_exam_description;String ;;;DiagnosticReport/Observation;
;Tipo do Exame;;;;result_exam_type;Terminology;FHIR;;DiagnosticReport/Observation;
;Indicação Clinica;;;;result_exam_condition;Number;;;DiagnosticReport/Observation > Condition;
;Status do Exame;;;;result_exam_status;Terminology;;;DiagnosticReport/Observation;
;Código do Profissional Responsável pela Liberação;;;;result_exam_provider_code;Number;;;DiagnosticReport/Observation > Practitioner;
;Data Realização Exame;;;;result_exam_date;String ;YYYY-MM-DD;;DiagnosticReport/Observation;
;Hora Realização Exame;;;;result_exam_time;String ;HH:MM:SS;;DiagnosticReport/Observation;
;Data Liberação Exame;;;;result_exam_release_date;String ;YYYY-MM-DD;;DiagnosticReport/Observation;
;Hora Liberação Exame;;;;result_exam_release_time;String ;HH:MM:SS;;DiagnosticReport/Observation;
;Código do Documento do Exame;;;;result_exam_document;String ;;;DiagnosticReport/Observation > Document;
;Resultado do Exame;;;;result_exam_provider_notes;String ;;;DiagnosticReport/Observation;
;Observação;;;;result_exam_notes;String ;;;DiagnosticReport/Observation;
;Data de Criação;;;;created_date;String ;YYYY-MM-DD;;DiagnosticReport/Observation;
;Data de Atualização;;;;updated_date;String ;YYYY-MM-DD;;DiagnosticReport/Observation;
;Exame de imagens;;;;result_exam_imaging_study_code;String ;;;DiagnosticReport > ImagingStudy;
;Solicitação relacionada ao exame;;;;result_exam_request_exam_code;String ;;;DiagnosticReport > ServiceRequest;
;Link direto para PDF com o resultado/laudo do exame;;;;result_exam_document_pdf;String ;;;;
;Link direto para a visualização das imagens do exame;;;;result_exam_document_viewer;String ;;;;
;;;;;;;;;;
Dietas ;Identidade única do paciente;Gerado pelo MPI a partir dos dados de cadastro, identifica unicamente o paciente. Esse valor é utilizado para que se estabeleçam vínculos com outros recursos (exemplos: agendamentos, atendimentos, resultados, dentre outros), e que pacientes cujos dados sejam provenientes de diferentes fontes em um mesmo cliente possam ser unificados. ;O conteúdo deste campo corresponde à identificação única do paciente gerada pelo módulo Identity do MPI.;;publicToken;String ;;;Patient;identifier
;Código do cliente de origem dos dados;"Identifica o cliente de origem dos dados enviados à DTO, ou a partir do qual os dados são recuperados pela DTO. Exemplo: ""saocaetano"". Utilizado para rastreabilidade e para tomada de decisão sobre como os dados devem ser processados.";A combinação dos valores destes campos compõe a identificação única de uma Dieta.;;client_code;String ;;;;meta > tag > https://api-fhir.dataopera.com.br/NamingSystem/client-id
;Provedor responsável pelo envio dos dados;"Identifica o provedor parceiro do cliente responsável pelo envio dos dados à DTO, ou a partir do qual os dados são recuperados pela DTO. Exemplo: ""mobilemed"". Utilizado para rastreabilidade e para tomada de decisão sobre como os dados devem ser processados.";;;data_provider;String ;;;;meta > tag > https://api-fhir.dataopera.com.br/NamingSystem/data-provider
;Caso de uso atendido pelos dados;"Identifica o caso de uso atendido pelos dados interoperados. Exemplo: ""imagens-e-laudos"", Utilizado para rastreabilidade e para tomada de decisão sobre como os dados devem ser processados.";;;use_case;String ;;;;meta > tag > https://api-fhir.dataopera.com.br/NamingSystem/use-case
;Codigo da Dieta ;;;;diet_code;Number;;;;
;Descrição da Dieta ;;;;diet_description;String ;;;;
;Código do Atendimento ;;;;diet_encounter_code;Number;;;;
;Código do Profissional ;;;;diet_provider_code;Number;;;;
;Código do Paciente;;;;diet_patient_code;Number;;;;
;Tipo de Dieta (Liquida, Pastosa) ;;;;diet_type;String ;;;;
;Via de Administração (Oral, Venosa, Sonda);;;;diet_route;String ;;;;
;Data do Registro ;;;;created_date;String ;YYYY-MM-DD;;;identifier
;Hora do Registro ;;;;updated_date;String ;YYYY-MM-DD;;;description
;;;;;;;;;;
Exame de Imagem;Identidade única do paciente;Gerado pelo MPI a partir dos dados de cadastro, identifica unicamente o paciente. Esse valor é utilizado para que se estabeleçam vínculos com outros recursos (exemplos: agendamentos, atendimentos, resultados, dentre outros), e que pacientes cujos dados sejam provenientes de diferentes fontes em um mesmo cliente possam ser unificados. ;O conteúdo deste campo corresponde à identificação única do paciente gerada pelo módulo Identity do MPI.;;publicToken;String ;;;Patient;identifier
;Código do cliente de origem dos dados;"Identifica o cliente de origem dos dados enviados à DTO, ou a partir do qual os dados são recuperados pela DTO. Exemplo: ""saocaetano"". Utilizado para rastreabilidade e para tomada de decisão sobre como os dados devem ser processados.";A combinação dos valores destes campos compõe a identificação única de um Exame de Imagem.;;client_code;String ;;;;meta > tag > https://api-fhir.dataopera.com.br/NamingSystem/client-id
;Provedor responsável pelo envio dos dados;"Identifica o provedor parceiro do cliente responsável pelo envio dos dados à DTO, ou a partir do qual os dados são recuperados pela DTO. Exemplo: ""mobilemed"". Utilizado para rastreabilidade e para tomada de decisão sobre como os dados devem ser processados.";;;data_provider;String ;;;;meta > tag > https://api-fhir.dataopera.com.br/NamingSystem/data-provider
;Caso de uso atendido pelos dados;"Identifica o caso de uso atendido pelos dados interoperados. Exemplo: ""imagens-e-laudos"", Utilizado para rastreabilidade e para tomada de decisão sobre como os dados devem ser processados.";;;use_case;String ;;;;meta > tag > https://api-fhir.dataopera.com.br/NamingSystem/use-case
;Código do Exame de Imagem;;;;imaging_study_code;String ;;;ImagingStudy;
;Descrição do Exame de Imagem;;;;imaging_study_description;String ;;;ImagingStudy;extension - https://api-fhir.dataopera.com.br/StructureDefinition/imagingstudy-dicom-webviewer
;Código do Paciente;;;;imaging_study_patient_code;String ;;;;status
;Código do Atendimento ;;;;imaging_study_encounter_code;String ;;;;started
;URL do visualizador de imagens;;;;imaging_study_url_viewer;String ;;;ImagingStudy;started
;Status/situação do exame de imagem;;;;imaging_study_status;Terminology;FHIR;;ImagingStudy;basedOn
;Data em que o exame de imagem foi iniciado;;;;imaging_study_start_date;String ;YYYY-MM-DD;;ImagingStudy;
;Horário em que o exame de imagem foi iniciado;;;;imaging_study_start_time;String ;HH:MM:SS;;ImagingStudy;identifier
;Requisição do exame à qual o exame de imagem está relacionado;;;;imaging_study_request_exam_code;String ;;;ImagingStudy;
;;;;;;;;;;
Consentimento;Identidade única do paciente;Gerado pelo MPI a partir dos dados de cadastro, identifica unicamente o paciente. Esse valor é utilizado para que se estabeleçam vínculos com outros recursos (exemplos: agendamentos, atendimentos, resultados, dentre outros), e que pacientes cujos dados sejam provenientes de diferentes fontes em um mesmo cliente possam ser unificados. ;O conteúdo deste campo corresponde à identificação única do paciente gerada pelo módulo Identity do MPI.;;publicToken;String ;;;Patient;identifier
;Código do cliente de origem dos dados;"Identifica o cliente de origem dos dados enviados à DTO, ou a partir do qual os dados são recuperados pela DTO. Exemplo: ""saocaetano"". Utilizado para rastreabilidade e para tomada de decisão sobre como os dados devem ser processados.";A combinação dos valores destes campos compõe a identificação única de um Consentimento.;;client_code;String ;;;Consent;meta > tag > https://api-fhir.dataopera.com.br/NamingSystem/client-id
;Provedor responsável pelo envio dos dados;"Identifica o provedor parceiro do cliente responsável pelo envio dos dados à DTO, ou a partir do qual os dados são recuperados pela DTO. Exemplo: ""mobilemed"". Utilizado para rastreabilidade e para tomada de decisão sobre como os dados devem ser processados.";;;data_provider;String ;;;Consent;meta > tag > https://api-fhir.dataopera.com.br/NamingSystem/data-provider
;Caso de uso atendido pelos dados;"Identifica o caso de uso atendido pelos dados interoperados. Exemplo: ""imagens-e-laudos"", Utilizado para rastreabilidade e para tomada de decisão sobre como os dados devem ser processados.";;;use_case;String ;;;Consent;meta > tag > https://api-fhir.dataopera.com.br/NamingSystem/use-case
;Código do Consentimento;;;;consent_code;String ;;Sim;Consent;
;Código do Paciente;Prontuário do Paciente;;;consent_patient_code;String ;;;Consent > Patient;
;Situação do Consentimento;"Informe da Situação do Consentimento. Valores válidos: ""active"", ""inactive"".";;;consent_status;Terminology ;FHIR;;Consent;
;Código do documento com o conteúdo do Consentimento;Chave de identificação de controle interno que indique o documento que se refere ao conteúdo do consentimento;;;consent_document_code;String;;;;
;Conteúdo textual do Consentimento.;;;;consent_content;String ;;;;
;Data de início da validade do Consentimento;;;;consent_date_start;String ;YYYY-MM-DD;;;
;Data de término da validade do Consentimento;;;;consent_date_end;String ;YYYY-MM-DD;;;
;Data de Criação;;;;created_date;String ;YYYY-MM-DD;;;
;Data de Atualização;;;;updated_date;String ;YYYY-MM-DD;;;
